<AvailabelProductData xmlns:xsi="http://www.w3.org/2001/XMLSchema-instance">
<AvailabilityList>
    <Product id="1">
            <Name>Product1</Name>
			<Price currency="$">29</Price>
            <Quantity>10</Quantity>    
			<ThumbImgUrl>http://www.omappedia.org/images/8/8c/Wiki_guidelines.png</ThumbImgUrl>                   
    </Product>
	<Product id="2">
            <Name>Product2</Name>
			<Price currency="$">14</Price>
            <Quantity>15</Quantity>
			<ThumbImgUrl>http://www.omappedia.org/images/8/8c/Wiki_guidelines.png</ThumbImgUrl>                   
    </Product>
    <Product id="3">
            <Name>Product3</Name>
			<Price currency="$">29</Price>
            <Quantity>63</Quantity>
			<ThumbImgUrl>http://www.omappedia.org/images/8/8c/Wiki_guidelines.png</ThumbImgUrl>                   
    </Product>
    <Product id="4">
            <Name>Product4</Name>
			<Price currency="$">80</Price>
            <Quantity>25</Quantity>
			<ThumbImgUrl>http://www.omappedia.org/images/8/8c/Wiki_guidelines.png</ThumbImgUrl>                   
    </Product>
    <Product id="5">
            <Name>Product5</Name>
			<Price currency="$">5</Price>
            <Quantity>13</Quantity>
			<ThumbImgUrl>http://www.omappedia.org/images/8/8c/Wiki_guidelines.png</ThumbImgUrl>                   
    </Product>
    <Product id="6">
            <Name>Product6</Name>
			<Price currency="$">35</Price>
            <Quantity>4</Quantity>
			<ThumbImgUrl>http://www.omappedia.org/images/8/8c/Wiki_guidelines.png</ThumbImgUrl>                   
    </Product>
    <Product id="7">
            <Name>Product7</Name>
			<Price currency="$">8</Price>
            <Quantity>75</Quantity>
			<ThumbImgUrl>http://www.omappedia.org/images/8/8c/Wiki_guidelines.png</ThumbImgUrl>                   
    </Product>
    <Product id="8">
            <Name>Product8</Name>
			<Price currency="$">45</Price>
            <Quantity>35</Quantity>
			<ThumbImgUrl>http://www.omappedia.org/images/8/8c/Wiki_guidelines.png</ThumbImgUrl>                   
    </Product>
    <Product id="9">
            <Name>Product9</Name>
			<Price currency="$">70</Price>
            <Quantity>54</Quantity>
			<ThumbImgUrl>http://www.omappedia.org/images/8/8c/Wiki_guidelines.png</ThumbImgUrl>                   
    </Product>
    <Product id="10">
            <Name>Product10</Name>
			<Price currency="$">4</Price>
            <Quantity>1</Quantity>
			<ThumbImgUrl>http://www.omappedia.org/images/8/8c/Wiki_guidelines.png</ThumbImgUrl>                   
    </Product>
</AvailabilityList>
</AvailabelProductData>
