<CartList xmlns:xsi="http://www.w3.org/2001/XMLSchema-instance">
<ProductDetails>
    <Product id="1">
                <Name>Product1</Name>
			<Price currency="$">100</Price>                
			<Number>P0001</Number>
                <ModelNumber>M0001</ModelNumber>
			<MfgDate>05-05-2012</MfgDate>
			<ExpDate>05-07-2014</ExpDate>
			<Description>This is some random description of the product. It can span to multiple lines.</Description>
                <ImageUrl>http://www.appletruthandrumors.com/wp-content/uploads/2012/01/apple_microsoft-q3-results.jpg</ImageUrl>
    </Product>
    <Product id="2">
                <Name>Product2</Name>
			<Price currency="$">100</Price>

                <Number>P0002</Number>
                <ModelNumber>M0001</ModelNumber>
                <MfgDate>05-05-2012</MfgDate>
			<ExpDate>05-07-2014</ExpDate>
			<Description>This is some random description of the product. It can span to multiple lines.</Description>
                <ImageUrl>http://www.appletruthandrumors.com/wp-content/uploads/2012/01/apple_microsoft-q3-results.jpg</ImageUrl>
    </Product>
<Product id="3">
                <Name>Product3</Name>
                <Number>P0003</Number>
                <ModelNumber>M0001</ModelNumber>
			<Price currency="$">100</Price>
                <MfgDate>05-05-2012</MfgDate>
			<ExpDate>05-07-2014</ExpDate>
			<Description>This is some random description of the product. It can span to multiple lines.</Description>
                <ImageUrl>http://www.appletruthandrumors.com/wp-content/uploads/2012/01/apple_microsoft-q3-results.jpg</ImageUrl>
    </Product>

<Product id="4">
                <Name>Product4</Name>
                <Number>P0004</Number>
                <ModelNumber>M0001</ModelNumber>
			<Price currency="$">100</Price>
                <MfgDate>05-05-2012</MfgDate>
			<ExpDate>05-07-2014</ExpDate>
			<Description>This is some random description of the product. It can span to multiple lines.</Description>
                <ImageUrl>http://www.appletruthandrumors.com/wp-content/uploads/2012/01/apple_microsoft-q3-results.jpg</ImageUrl>
</Product>

<Product id="5">
                <Name>Product5</Name>
                <Number>P0005</Number>
                <ModelNumber>M0005</ModelNumber>
			<Price currency="$">100</Price>
                <MfgDate>05-05-2012</MfgDate>
			<ExpDate>05-07-2014</ExpDate>
			<Description>This is some random description of the product. It can span to multiple lines.</Description>
                <ImageUrl>http://www.appletruthandrumors.com/wp-content/uploads/2012/01/apple_microsoft-q3-results.jpg</ImageUrl>

    </Product>

<Product id="6">
                <Name>Product6</Name>
                <Number>P0006</Number>
                <ModelNumber>M0001</ModelNumber>
                <MfgDate>05-05-2012</MfgDate>
			<ExpDate>05-07-2014</ExpDate>
			<Description>This is some random description of the product. It can span to multiple lines.</Description>

                <ImageUrl>http://www.omappedia.org/images/8/8c/Wiki_guidelines.png</ImageUrl>
    </Product>

<Product id="7">
                <Name>Product7</Name>
                <Number>P0007</Number>
                <ModelNumber>M0001</ModelNumber>
			<Price currency="$">100</Price>
                <MfgDate>05-05-2012</MfgDate>
			<ExpDate>05-07-2014</ExpDate>
			<Description>This is some random description of the product. It can span to multiple lines.</Description>
                <ImageUrl>http://www.appletruthandrumors.com/wp-content/uploads/2012/01/apple_microsoft-q3-results.jpg</ImageUrl>

    </Product>

</ProductDetails>
</CartList >

