<CartList xmlns:xsi="http://www.w3.org/2001/XMLSchema-instance">
<ProductDetails>
    <Product id="1">
                <Name>Product1</Name>
                <Number>P0001</Number>
                <Quantity>0001</Quantity>
                <Shipping>100</Shipping>
                <Warranty>200</Warranty>
                <Price currency="$">100</Price>
                <ImageUrl>http://www.omappedia.org/images/8/8c/Wiki_guidelines.png</ImageUrl>
    </Product>
    <Product id="2">
                <Name>Product2</Name>
                <Number>P0002</Number>
                <Quantity>0003</Quantity>
                <Shipping>200</Shipping>
                <Warranty>500</Warranty>
                <Price currency="$">100</Price>
                <ImageUrl>http://www.omappedia.org/images/8/8c/Wiki_guidelines.png</ImageUrl>
    </Product>
<Product id="3">
                <Name>Product3</Name>
                <Number>P0003</Number>
                <Quantity>0003</Quantity>
                <Shipping>250</Shipping>
                <Warranty>500</Warranty>
                <Price currency="Rs">100</Price>
                <ImageUrl>http://www.omappedia.org/images/8/8c/Wiki_guidelines.png</ImageUrl>
    </Product>

<Product id="4">
                <Name>Product4</Name>
                <Number>P0004</Number>
                <Quantity>0003</Quantity>
                <Shipping>200</Shipping>
                <Warranty>300</Warranty>
                <Price currency="Rs">100</Price>
                <ImageUrl>http://www.omappedia.org/images/8/8c/Wiki_guidelines.png</ImageUrl>
    </Product>

<Product id="5">
                <Name>Product5</Name>
                <Number>P0005</Number>
                <Quantity>0013</Quantity>
                <Shipping>50</Shipping>
                <Warranty>200</Warranty>
                <Price currency="$">100</Price>
                <ImageUrl>http://www.omappedia.org/images/8/8c/Wiki_guidelines.png</ImageUrl>
    </Product>

<Product id="6">
                <Name>Product6</Name>
                <Number>P0006</Number>
                <Quantity>0003</Quantity>
                <Shipping>200</Shipping>
                <Warranty>235</Warranty>
                <Price currency="$">100</Price>
                <ImageUrl>http://www.omappedia.org/images/8/8c/Wiki_guidelines.png</ImageUrl>
    </Product>

<Product id="7">
                <Name>Product7</Name>
                <Number>P0007</Number>
                <Quantity>0003</Quantity>
                <Shipping>100</Shipping>
                <Warranty>100s</Warranty>
                <Price currency="Rs">100</Price>
                <ImageUrl>http://www.omappedia.org/images/8/8c/Wiki_guidelines.png</ImageUrl>
    </Product>

</ProductDetails>
</CartList >
