<OrderHistory
xmlns:xsi="http://www.w3.org/2001/XMLSchema-instance">
<OrderHistoryDetail>
    <Order id="1">
			<OrderNumber>0001</OrderNumber>
                <OrderDate>12-06-2011</OrderDate>
                <Total>1000</Total>
                <Status>Complete</Status>
			<DeliveryDate>29-06-2012</DeliveryDate>
			<Summary>

				<Product id="1">
               				<Name>Product1</Name>
               		 		<Quantity>0001</Quantity>
              		 		<Shipping>100</Shipping>
               		 		<Warranty>200</Warranty>
               		 		<Price currency="$">100							</Price>
               		 		<ImageUrl>				http://www.omappedia.org/images/8/8c/Wiki_guidelines.png					</ImageUrl>
   				 </Product>
					
				<Product id="2">
               				<Name>Product2</Name>
               		 		<Quantity>0003</Quantity>
              		 		<Shipping>100</Shipping>
               		 		<Warranty>200</Warranty>
               		 		<Price currency="$">100							</Price>
               		 		<ImageUrl>				http://www.omappedia.org/images/8/8c/Wiki_guidelines.png					</ImageUrl>
   				 </Product>
			</Summary>

			<ShippingAddress>
					<line1> 73 B</line1>
					<line2> Central Avenue</line2>
			</ShippingAddress>
	</Order>
			
     <Order id="2">
			<OrderNumber>0002</OrderNumber>
                <OrderDate>12-06-2011</OrderDate>
                <Total>2000</Total>
                <Status>Complete</Status>
			<DeliveryDate>26-04-2012</DeliveryDate>
			<Summary>

				<Product id="1">
               				<Name>Product1</Name>
               		 		<Number>P0001</Number>
               		 		<Quantity>0001</Quantity>
              		 		<Shipping>100</Shipping>
               		 		<Warranty>200</Warranty>
               		 		<Price currency="$">100							</Price>
               		 		<ImageUrl>				http://www.omappedia.org/images/8/8c/Wiki_guidelines.png					</ImageUrl>
   				 </Product>
					
				<Product id="2">
               				<Name>Product2</Name>
               		 		<Number>P0002</Number>
               		 		<Quantity>0003</Quantity>
              		 		<Shipping>100</Shipping>
               		 		<Warranty>200</Warranty>
               		 		<Price currency="$">100							</Price>
               		 		<ImageUrl>				http://www.omappedia.org/images/8/8c/Wiki_guidelines.png					</ImageUrl>
   				 </Product>
			</Summary>

			<ShippingAddress>
					<line1> 14 B</line1>
					<line2> East Avenue</line2>
			</ShippingAddress>	
	</Order>


</OrderHistoryDetail>
</OrderHistory>




