<OrderHistory xmlns:xsi="http://www.w3.org/2001/XMLSchema-instance">
<OrderHistoryList>
    <Order id="1">
                <OrderDate>12-06-2011</OrderDate>
                <OrderNumber>0001</OrderNumber>
                <Status>Complete</Status>
    </Order>
    <Order id="2">
                <OrderDate>25-08-2011</OrderDate>
                <OrderNumber>0002</OrderNumber>
                <Status>Pending</Status>

    </Order>
 <Order id="3">
                <OrderDate>25-01-2012</OrderDate>
                <OrderNumber>0003</OrderNumber>
                <Status>Complete</Status>

    </Order>

 <Order id="4">
                <OrderDate>23-03-2011</OrderDate>
                <OrderNumber>0004</OrderNumber>
                <Status>Complete</Status>

    </Order>

 <Order id="5">
                <OrderDate>05-03-2011</OrderDate>
                <OrderNumber>0005</OrderNumber>
                <Status>Pending</Status>

    </Order>

 <Order id="6">
                <OrderDate>25-08-2010</OrderDate>
                <OrderNumber>0006</OrderNumber>
                <Status>Complete</Status>

    </Order>

 <Order id="7">
                <OrderDate>12-08-2011</OrderDate>
                <OrderNumber>0007</OrderNumber>
                <Status>Complete</Status>

    </Order>

</OrderHistoryList>
</OrderHistory>

