<ProductDetails xmlns:xsi="http://www.w3.org/2001/XMLSchema-instance">
<Product id="1">
            <Name>Product1</Name>
            <Number>P0001</Number>
            <ModelNumber>M0001</ModelNumber>
            <MfgDate>"05-12-11"</MfgDate>
            <ExpDate>"21-01-14"</ExpDate>
			<Description>This is first product's detail description.
            It will contains multiple lines of text that wrapes lines.</Description>
			<ImageUrl>http://www.scn.org/tweeters/graphics/Backyard_logo.jpg</ImageUrl>                   
</Product>
<Product id="2">
            <Name>Product2</Name>
            <Number>P0002</Number>
            <ModelNumber>M0002</ModelNumber>
            <MfgDate>"21-06-10"</MfgDate>
            <ExpDate>"01-01-12"</ExpDate>
			<Description>This is second product's detail description.
            It will contains multiple lines of text that wrapes lines.</Description>
			<ImageUrl>http://www.scn.org/tweeters/graphics/bluebird_logo.jpg</ImageUrl>                   
</Product>
<Product id="3">
            <Name>Product3</Name>
            <Number>P0003</Number>
            <ModelNumber>M0003</ModelNumber>
            <MfgDate>"15-08-10"</MfgDate>
            <ExpDate>"23-03-12"</ExpDate>
			<Description>This is third product's detail description.
            It will contains multiple lines of text that wrapes lines.</Description>
			<ImageUrl>http://www.scn.org/tweeters/graphics/globe.gif</ImageUrl>                   
</Product>
<Product id="4">
            <Name>Product4</Name>
            <Number>P0004</Number>
            <ModelNumber>M0004</ModelNumber>
            <MfgDate>"06-08-10"</MfgDate>
            <ExpDate>"24-03-12"</ExpDate>
			<Description>This is fourth product's detail description.
            It will contains multiple lines of text that wrapes lines.</Description>
			<ImageUrl>http://www.scn.org/tweeters/graphics/belle1.gif</ImageUrl>                   
</Product>
<Product id="5">
            <Name>Product5</Name>
            <Number>P0005</Number>
            <ModelNumber>M0005</ModelNumber>
            <MfgDate>"25-07-11"</MfgDate>
            <ExpDate>"18-09-14"</ExpDate>
			<Description>This is fifth product's detail description.
            It will contains multiple lines of text that wrapes lines.</Description>
			<ImageUrl>http://www.scn.org/tweeters/graphics/bluebird_logo.jpg</ImageUrl>                   
</Product>
</ProductDetails>