<ProductPriceInfoData xmlns:xsi="http://www.w3.org/2001/XMLSchema-instance">
<ProductPriceInfoList>
    <Product id="1">
            <Name>Product1</Name>
			<Offer>This is first product's offer with multiple lines of text that wrap lines.</Offer>
            <Price currency="$">45</Price>
			<ThumbImgUrl>http://www.omappedia.org/images/8/8c/Wiki_guidelines.png</ThumbImgUrl>                   
    </Product>
	<Product id="2">
            <Name>Product2</Name>
			<Offer>This is second product's offer with multiple lines of text that wrap lines.</Offer>
            <Price currency="$">39</Price>
			<ThumbImgUrl>http://www.omappedia.org/images/8/8c/Wiki_guidelines.png</ThumbImgUrl>                   
    </Product>
    <Product id="3">
            <Name>Product3</Name>
			<Offer>This is third product's offer with multiple lines of text that wrap lines.</Offer>
            <Price currency="$">41</Price>
			<ThumbImgUrl>http://www.omappedia.org/images/8/8c/Wiki_guidelines.png</ThumbImgUrl>                   
    </Product>
    <Product id="4">
            <Name>Product4</Name>
			<Offer>This is fourth product's offer with multiple lines of text that wrap lines.</Offer>
            <Price currency="Rs">2227.47</Price>
			<ThumbImgUrl>http://www.omappedia.org/images/8/8c/Wiki_guidelines.png</ThumbImgUrl>                   
    </Product>
    <Product id="5">
            <Name>Product5</Name>
			<Offer>This is fifth product's offer with multiple lines of text that wrap lines.</Offer>
            <Price currency="$">44</Price>
			<ThumbImgUrl>http://www.omappedia.org/images/8/8c/Wiki_guidelines.png</ThumbImgUrl>                   
    </Product>
    <Product id="6">
            <Name>Product6</Name>
			<Offer>This is sixth product's offer with multiple lines of text that wrap lines.</Offer>
            <Price currency="$">45</Price>
			<ThumbImgUrl>http://www.omappedia.org/images/8/8c/Wiki_guidelines.png</ThumbImgUrl>                   
    </Product>
    <Product id="7">
            <Name>Product7</Name>
			<Offer>This is first product's offer with multiple lines of text that wrap lines.</Offer>
            <Price currency="$">45</Price>
			<ThumbImgUrl>http://www.omappedia.org/images/8/8c/Wiki_guidelines.png</ThumbImgUrl>                   
    </Product>
    <Product id="8">
            <Name>Product8</Name>
			<Offer>This is eighth product's offer with multiple lines of text that wrap lines.</Offer>
            <Price currency="$">45</Price>
			<ThumbImgUrl>http://www.omappedia.org/images/8/8c/Wiki_guidelines.png</ThumbImgUrl>                   
    </Product>
    <Product id="9">
            <Name>Product9</Name>
			<Offer>This is ninth product's offer with multiple lines of text that wrap lines.</Offer>
            <Price currency="$">45</Price>
			<ThumbImgUrl>http://www.omappedia.org/images/8/8c/Wiki_guidelines.png</ThumbImgUrl>                   
    </Product>
    <Product id="10">
            <Name>Product10</Name>
			<Offer>This is tenth product's offer with multiple lines of text that wrap lines.</Offer>
            <Price currency="$">45</Price>
			<ThumbImgUrl>http://www.omappedia.org/images/8/8c/Wiki_guidelines.png</ThumbImgUrl>                   
    </Product>
</ProductPriceInfoList>
</ProductPriceInfoData>