<ProductData xmlns:xsi="http://www.w3.org/2001/XMLSchema-instance">
<ProductList>
    <Product id="1">
            <Name>Product1</Name>
			<Description>This is first product's description.</Description>
			<ThumbImgUrl>http://www.abc/images/image1.png</ThumbImgUrl>                   
    </Product>
	<Product id="2">
            <Name>Product2</Name>
			<Description>This is second product's description.</Description>
			<ThumbImgUrl>http://www.abc/images/image2.png</ThumbImgUrl>                   
    </Product>
    <Product id="3">
            <Name>Product3</Name>
			<Description>This is third product's description.</Description>
			<ThumbImgUrl>http://www.abc/images/image3.png</ThumbImgUrl>                   
    </Product>
    <Product id="4">
            <Name>Product4</Name>
			<Description>This is fourth product's description.</Description>
			<ThumbImgUrl>http://www.abc/images/image4.png</ThumbImgUrl>                   
    </Product>
    <Product id="5">
            <Name>Product5</Name>
			<Description>This is fifth product's description.</Description>
			<ThumbImgUrl>http://www.abc/images/image5.png</ThumbImgUrl>                   
    </Product>
    <Product id="6">
            <Name>Product6</Name>
			<Description>This is sixth product's description.</Description>
			<ThumbImgUrl>http://www.abc/images/image6.png</ThumbImgUrl>                   
    </Product>
    <Product id="7">
            <Name>Product7</Name>
			<Description>This is seventh product's description.</Description>
			<ThumbImgUrl>http://www.abc/images/image7.png</ThumbImgUrl>                   
    </Product>
    <Product id="8">
            <Name>Product8</Name>
			<Description>This is eighth product's description.</Description>
			<ThumbImgUrl>http://www.abc/images/image8.png</ThumbImgUrl>                   
    </Product>
    <Product id="9">
            <Name>Product9</Name>
			<Description>This is nineth product's description.</Description>
			<ThumbImgUrl>http://www.abc/images/image9.png</ThumbImgUrl>                   
    </Product>
    <Product id="10">
            <Name>Product10</Name>
			<Description>This is tenth product's description.</Description>
			<ThumbImgUrl>http://www.abc/images/image10.png</ThumbImgUrl>                   
    </Product>
</ProductList>
</ProductData>
